Links, States
/petrol-price-in-andaman-nicobar-s1.html, Andaman Nicobar
/petrol-price-in-andhra-pradesh-s2.html, Andhra Pradesh
/petrol-price-in-arunachal-pradesh-s3.html, Arunachal Pradesh
/petrol-price-in-assam-s4.html, Assam
/petrol-price-in-bihar-s5.html, Bihar
/petrol-price-in-chandigarh-s6.html, Chandigarh
/petrol-price-in-chhatisgarh-s7.html, Chhatisgarh
/petrol-price-in-dadra-nagarhaveli-s8.html, Dadra Nagarhaveli
/petrol-price-in-daman-diu-s9.html, Daman-Diu
/petrol-price-in-delhi-s10.html, Delhi
/petrol-price-in-goa-s11.html, Goa
/petrol-price-in-gujarat-s12.html, Gujarat
/petrol-price-in-haryana-s13.html, Haryana
/petrol-price-in-himachal-pradesh-s14.html, Himachal Pradesh
/petrol-price-in-jammu-kashmir-s15.html, Jammu Kashmir
/petrol-price-in-jharkhand-s16.html, Jharkhand
/petrol-price-in-karnataka-s17.html, Karnataka
/petrol-price-in-kerala-s18.html, Kerala
/petrol-price-in-madhya-pradesh-s19.html, Madhya Pradesh
/petrol-price-in-maharashtra-s20.html, Maharashtra
/petrol-price-in-manipur-s21.html, Manipur
/petrol-price-in-meghalaya-s22.html, Meghalaya
/petrol-price-in-mizoram-s23.html, Mizoram
/petrol-price-in-nagaland-s24.html, Nagaland
/petrol-price-in-odisha-s25.html, Odisha
/petrol-price-in-pondicherry-s26.html, Pondicherry
/petrol-price-in-punjab-s27.html, Punjab
/petrol-price-in-rajasthan-s28.html, Rajasthan
/petrol-price-in-sikkim-s29.html, Sikkim
/petrol-price-in-tamil-nadu-s30.html, Tamil Nadu
/petrol-price-in-telangana-s31.html, Telangana
/petrol-price-in-tripura-s32.html, Tripura
/petrol-price-in-uttar-pradesh-s33.html, Uttar Pradesh
/petrol-price-in-uttarakhand-s34.html, Uttarakhand
/petrol-price-in-west-bengal-s35.html, West Bengal